{
    "model_path": "cross_model.pth",
    "results": {
        "test1": {
            "accuracy": 0.625,
            "precision": 0.6904761904761906,
            "recall": 0.625,
            "f1_score": 0.6244588744588744,
            "classification_report": {
                "Rest (0)": {
                    "precision": 1.0,
                    "recall": 1.0,
                    "f1-score": 1.0,
                    "support": 4.0
                },
                "Math (1)": {
                    "precision": 0.42857142857142855,
                    "recall": 0.75,
                    "f1-score": 0.5454545454545454,
                    "support": 4.0
                },
                "Memory (2)": {
                    "precision": 1.0,
                    "recall": 0.5,
                    "f1-score": 0.6666666666666666,
                    "support": 4.0
                },
                "Motor (3)": {
                    "precision": 0.3333333333333333,
                    "recall": 0.25,
                    "f1-score": 0.28571428571428575,
                    "support": 4.0
                },
                "accuracy": 0.625,
                "macro avg": {
                    "precision": 0.6904761904761906,
                    "recall": 0.625,
                    "f1-score": 0.6244588744588744,
                    "support": 16.0
                },
                "weighted avg": {
                    "precision": 0.6904761904761906,
                    "recall": 0.625,
                    "f1-score": 0.6244588744588744,
                    "support": 16.0
                }
            },
            "confusion_matrix": [
                [
                    4,
                    0,
                    0,
                    0
                ],
                [
                    0,
                    3,
                    0,
                    1
                ],
                [
                    0,
                    1,
                    2,
                    1
                ],
                [
                    0,
                    3,
                    0,
                    1
                ]
            ],
            "raw_predictions": [
                0,
                0,
                0,
                0,
                1,
                1,
                3,
                1,
                1,
                1,
                3,
                1,
                1,
                2,
                2,
                3
            ],
            "raw_labels": [
                0,
                0,
                0,
                0,
                3,
                3,
                3,
                3,
                1,
                1,
                1,
                1,
                2,
                2,
                2,
                2
            ]
        },
        "test2": {
            "accuracy": 0.625,
            "precision": 0.6488095238095238,
            "recall": 0.625,
            "f1_score": 0.6125541125541125,
            "classification_report": {
                "Rest (0)": {
                    "precision": 1.0,
                    "recall": 1.0,
                    "f1-score": 1.0,
                    "support": 4.0
                },
                "Math (1)": {
                    "precision": 0.42857142857142855,
                    "recall": 0.75,
                    "f1-score": 0.5454545454545454,
                    "support": 4.0
                },
                "Memory (2)": {
                    "precision": 0.5,
                    "recall": 0.25,
                    "f1-score": 0.3333333333333333,
                    "support": 4.0
                },
                "Motor (3)": {
                    "precision": 0.6666666666666666,
                    "recall": 0.5,
                    "f1-score": 0.5714285714285715,
                    "support": 4.0
                },
                "accuracy": 0.625,
                "macro avg": {
                    "precision": 0.6488095238095238,
                    "recall": 0.625,
                    "f1-score": 0.6125541125541125,
                    "support": 16.0
                },
                "weighted avg": {
                    "precision": 0.6488095238095238,
                    "recall": 0.625,
                    "f1-score": 0.6125541125541125,
                    "support": 16.0
                }
            },
            "confusion_matrix": [
                [
                    4,
                    0,
                    0,
                    0
                ],
                [
                    0,
                    3,
                    1,
                    0
                ],
                [
                    0,
                    2,
                    1,
                    1
                ],
                [
                    0,
                    2,
                    0,
                    2
                ]
            ],
            "raw_predictions": [
                0,
                0,
                0,
                0,
                1,
                3,
                1,
                3,
                2,
                1,
                1,
                1,
                2,
                1,
                3,
                1
            ],
            "raw_labels": [
                0,
                0,
                0,
                0,
                3,
                3,
                3,
                3,
                1,
                1,
                1,
                1,
                2,
                2,
                2,
                2
            ]
        },
        "test3": {
            "accuracy": 0.5,
            "precision": 0.5291666666666667,
            "recall": 0.5,
            "f1_score": 0.5109126984126985,
            "classification_report": {
                "Rest (0)": {
                    "precision": 1.0,
                    "recall": 1.0,
                    "f1-score": 1.0,
                    "support": 4.0
                },
                "Math (1)": {
                    "precision": 0.2,
                    "recall": 0.25,
                    "f1-score": 0.22222222222222224,
                    "support": 4.0
                },
                "Memory (2)": {
                    "precision": 0.6666666666666666,
                    "recall": 0.5,
                    "f1-score": 0.5714285714285715,
                    "support": 4.0
                },
                "Motor (3)": {
                    "precision": 0.25,
                    "recall": 0.25,
                    "f1-score": 0.25,
                    "support": 4.0
                },
                "accuracy": 0.5,
                "macro avg": {
                    "precision": 0.5291666666666667,
                    "recall": 0.5,
                    "f1-score": 0.5109126984126985,
                    "support": 16.0
                },
                "weighted avg": {
                    "precision": 0.5291666666666667,
                    "recall": 0.5,
                    "f1-score": 0.5109126984126985,
                    "support": 16.0
                }
            },
            "confusion_matrix": [
                [
                    4,
                    0,
                    0,
                    0
                ],
                [
                    0,
                    1,
                    1,
                    2
                ],
                [
                    0,
                    1,
                    2,
                    1
                ],
                [
                    0,
                    3,
                    0,
                    1
                ]
            ],