{
    "model_path": "cross_model.pth",
    "results": {
        "test1": {
            "accuracy": 0.5625,
            "precision": 0.5791666666666666,
            "recall": 0.5625,
            "f1_score": 0.566468253968254,
            "classification_report": {
                "Rest (0)": {
                    "precision": 1.0,
                    "recall": 1.0,
                    "f1-score": 1.0,
                    "support": 4.0
                },
                "Math (1)": {
                    "precision": 0.6666666666666666,
                    "recall": 0.5,
                    "f1-score": 0.5714285714285714,
                    "support": 4.0
                },
                "Memory (2)": {
                    "precision": 0.4,
                    "recall": 0.5,
                    "f1-score": 0.4444444444444444,
                    "support": 4.0
                },
                "Motor (3)": {
                    "precision": 0.25,
                    "recall": 0.25,
                    "f1-score": 0.25,
                    "support": 4.0
                },
                "accuracy": 0.5625,
                "macro avg": {
                    "precision": 0.5791666666666666,
                    "recall": 0.5625,
                    "f1-score": 0.566468253968254,
                    "support": 16.0
                },
                "weighted avg": {
                    "precision": 0.5791666666666666,
                    "recall": 0.5625,
                    "f1-score": 0.566468253968254,
                    "support": 16.0
                }
            },
            "confusion_matrix": [
                [
                    4,
                    0,
                    0,
                    0
                ],
                [
                    0,
                    2,
                    0,
                    2
                ],
                [
                    0,
                    1,
                    2,
                    1
                ],
                [
                    0,
                    0,
                    3,
                    1
                ]
            ],
            "raw_predictions": [
                0,
                0,
                0,
                0,
                2,
                2,
                2,
                3,
                1,
                3,
                3,
                1,
                1,
                2,
                2,
                3
            ],
            "raw_labels": [
                0,
                0,
                0,
                0,
                3,
                3,
                3,
                3,
                1,
                1,
                1,
                1,
                2,
                2,
                2,
                2
            ]
        },
        "test2": {
            "accuracy": 0.4375,
            "precision": 0.5,
            "recall": 0.4375,
            "f1_score": 0.46071428571428574,
            "classification_report": {
                "Rest (0)": {
                    "precision": 1.0,
                    "recall": 0.75,
                    "f1-score": 0.8571428571428571,
                    "support": 4.0
                },
                "Math (1)": {
                    "precision": 0.16666666666666666,
                    "recall": 0.25,
                    "f1-score": 0.2,
                    "support": 4.0
                },
                "Memory (2)": {
                    "precision": 0.3333333333333333,
                    "recall": 0.25,
                    "f1-score": 0.2857142857142857,
                    "support": 4.0
                },
                "Motor (3)": {
                    "precision": 0.5,
                    "recall": 0.5,
                    "f1-score": 0.5,
                    "support": 4.0
                },
                "accuracy": 0.4375,
                "macro avg": {
                    "precision": 0.5,
                    "recall": 0.4375,
                    "f1-score": 0.46071428571428574,
                    "support": 16.0
                },
                "weighted avg": {
                    "precision": 0.5,
                    "recall": 0.4375,
                    "f1-score": 0.46071428571428574,
                    "support": 16.0
                }
            },
            "confusion_matrix": [
                [
                    3,
                    0,
                    1,
                    0
                ],
                [
                    0,
                    1,
                    1,
                    2
                ],
                [
                    0,
                    3,
                    1,
                    0
                ],
                [
                    0,
                    2,
                    0,
                    2
                ]
            ],
            "raw_predictions": [
                0,
                0,
                0,
                2,
                1,
                1,
                3,
                3,
                3,
                2,
                3,
                1,
                2,
                1,
                1,
                1
            ],
            "raw_labels": [
                0,
                0,
                0,
                0,
                3,
                3,
                3,
                3,
                1,
                1,
                1,
                1,
                2,
                2,
                2,
                2
            ]
        },
        "test3": {
            "accuracy": 0.5625,
            "precision": 0.5708333333333333,
            "recall": 0.5625,
            "f1_score": 0.564484126984127,
            "classification_report": {
                "Rest (0)": {
                    "precision": 1.0,
                    "recall": 1.0,
                    "f1-score": 1.0,
                    "support": 4.0
                },
                "Math (1)": {
                    "precision": 0.2,
                    "recall": 0.25,
                    "f1-score": 0.2222222222222222,
                    "support": 4.0
                },
                "Memory (2)": {
                    "precision": 0.75,
                    "recall": 0.75,
                    "f1-score": 0.75,
                    "support": 4.0
                },
                "Motor (3)": {
                    "precision": 0.3333333333333333,
                    "recall": 0.25,
                    "f1-score": 0.2857142857142857,
                    "support": 4.0
                },
                "accuracy": 0.5625,
                "macro avg": {
                    "precision": 0.5708333333333333,
                    "recall": 0.5625,
                    "f1-score": 0.564484126984127,
                    "support": 16.0
                },
                "weighted avg": {
                    "precision": 0.5708333333333333,
                    "recall": 0.5625,
                    "f1-score": 0.564484126984127,
                    "support": 16.0
                }
            },
            "confusion_matrix": [
                [
                    4,
                    0,
                    0,
                    0
                ],
                [
                    0,
                    1,
                    1,
                    2
                ],
                [
                    0,
                    1,
                    3,
                    0
                ],
                [
                    0,
                    3,
                    0,
                    1
                ]
            ],